﻿<?xml version="1.0" encoding="UTF-8"?>
<Companys>
	<Company>
		<CompanyName>ITelO</CompanyName>
	</Company>
	<Company>
		<CompanyName>SAP</CompanyName>
	</Company>
	<Company>
		<CompanyName>Becker Berlin</CompanyName>
	</Company>
	<Company>
		<CompanyName>DelBont Industries</CompanyName>
	</Company>
	<Company>
		<CompanyName>Talpa</CompanyName>
	</Company>
	<Company>
		<CompanyName>Panorama Studios</CompanyName>
	</Company>
	<Company>
		<CompanyName>TECUM</CompanyName>
	</Company>
	<Company>
		<CompanyName>Asia High tech</CompanyName>
	</Company>
	<Company>
		<CompanyName>Laurent</CompanyName>
	</Company>
	<Company>
		<CompanyName>AVANTEL</CompanyName>
	</Company>
	<Company>
		<CompanyName>Telecomunicaciones Star</CompanyName>
	</Company>
	<Company>
		<CompanyName>Pear Computing Services</CompanyName>
	</Company>
	<Company>
		<CompanyName>Alpine Systems</CompanyName>
	</Company>
	<Company>
		<CompanyName>New Line Design</CompanyName>
	</Company>
	<Company>
		<CompanyName>HEPA Tec</CompanyName>
	</Company>
	<Company>
		<CompanyName>Anav Ideon</CompanyName>
	</Company>
	<Company>
		<CompanyName>Robert Brown Entertainment</CompanyName>
	</Company>
	<Company>
		<CompanyName>Mexican Oil Trading Company</CompanyName>
	</Company>
	<Company>
		<CompanyName>Meliva</CompanyName>
	</Company>
	<Company>
		<CompanyName>Compostela</CompanyName>
	</Company>
	<Company>
		<CompanyName>Pateu</CompanyName>
	</Company>
	<Company>
		<CompanyName>Russian Electronic Trading Company</CompanyName>
	</Company>
	<Company>
		<CompanyName>Florida Holiday Company</CompanyName>
	</Company>
	<Company>
		<CompanyName>Quimica Madrilenos</CompanyName>
	</Company>
	<Company>
		<CompanyName>Getränkegroßhandel Janssen</CompanyName>
	</Company>
	<Company>
		<CompanyName>JaTeCo</CompanyName>
	</Company>
	<Company>
		<CompanyName>Tessile Casa Di Roma</CompanyName>
	</Company>
	<Company>
		<CompanyName>Vente Et Réparation de Ordinateur</CompanyName>
	</Company>
	<Company>
		<CompanyName>Developement Para O Governo</CompanyName>
	</Company>
	<Company>
		<CompanyName>Brazil Technologies</CompanyName>
	</Company>
	<Company>
		<CompanyName>C.R.T.U.</CompanyName>
	</Company>
	<Company>
		<CompanyName>Jologa</CompanyName>
	</Company>
	<Company>
		<CompanyName>Baleda</CompanyName>
	</Company>
	<Company>
		<CompanyName>Angeré</CompanyName>
	</Company>
	<Company>
		<CompanyName>PC Gym Tec</CompanyName>
	</Company>
	<Company>
		<CompanyName>Japan Insurance Partner</CompanyName>
	</Company>
	<Company>
		<CompanyName>Entertainment Argentinia</CompanyName>
	</Company>
	<Company>
		<CompanyName>African Gold And Diamant Corporation</CompanyName>
	</Company>
	<Company>
		<CompanyName>PicoBit</CompanyName>
	</Company>
	<Company>
		<CompanyName>Bionic Research Lab</CompanyName>
	</Company>
	<Company>
		<CompanyName>Indian IT Trading Company</CompanyName>
	</Company>
	<Company>
		<CompanyName>Chemia A Technicznie Fabryka</CompanyName>
	</Company>
	<Company>
		<CompanyName>South American IT Company</CompanyName>
	</Company>
	<Company>
		<CompanyName>Siwusha</CompanyName>
	</Company>
	<Company>
		<CompanyName>Danish Fish Trading Company</CompanyName>
	</Company>
	<Company>
		<CompanyName>Sorali</CompanyName>
	</Company>
</Companys>
