﻿<?xml version="1.0" encoding="UTF-8"?>
<Employees>
	<Employee>
		<CompanyId>ITelO</CompanyId>
		<FirstName>Viola</FirstName>
		<LastName>Gains</LastName>
	</Employee>
	<Employee>
		<CompanyId>ITelO</CompanyId>
		<FirstName>Paul</FirstName>
		<LastName>Burke</LastName>
	</Employee>
	<Employee>
		<CompanyId>ITelO</CompanyId>
		<FirstName>Sally</FirstName>
		<LastName>Spring</LastName>
	</Employee>
	<Employee>
		<CompanyId>ITelO</CompanyId>
		<FirstName>Sue</FirstName>
		<LastName>Bay</LastName>
	</Employee>
	<Employee>
		<CompanyId>ITelO</CompanyId>
		<FirstName>James</FirstName>
		<LastName>Field</LastName>
	</Employee>
	<Employee>
		<CompanyId>SAP</CompanyId>
		<FirstName>Karl</FirstName>
		<LastName>Muller</LastName>
	</Employee>
	<Employee>
		<CompanyId>Becker Berlin</CompanyId>
		<FirstName>Dagmar</FirstName>
		<LastName>Schulze</LastName>
	</Employee>
	<Employee>
		<CompanyId>DelBont Industries</CompanyId>
		<FirstName>Maria</FirstName>
		<LastName>Brown</LastName>
	</Employee>
	<Employee>
		<CompanyId>Talpa</CompanyId>
		<FirstName>Saskia</FirstName>
		<LastName>Sommer</LastName>
	</Employee>
	<Employee>
		<CompanyId>Panorama Studios</CompanyId>
		<FirstName>Bob</FirstName>
		<LastName>Buyer</LastName>
	</Employee>
	<Employee>
		<CompanyId>TECUM</CompanyId>
		<FirstName>Bart</FirstName>
		<LastName>Koenig</LastName>
	</Employee>
	<Employee>
		<CompanyId>Asia High tech</CompanyId>
		<FirstName>Yoko</FirstName>
		<LastName>Nakamura</LastName>
	</Employee>
	<Employee>
		<CompanyId>Laurent</CompanyId>
		<FirstName>Sophie</FirstName>
		<LastName>Ribery</LastName>
	</Employee>
	<Employee>
		<CompanyId>AVANTEL</CompanyId>
		<FirstName>Victor</FirstName>
		<LastName>Sanchez</LastName>
	</Employee>
	<Employee>
		<CompanyId>Telecomunicaciones Star</CompanyId>
		<FirstName>Jorge</FirstName>
		<LastName>Velez</LastName>
	</Employee>
	<Employee>
		<CompanyId>Pear Computing Services</CompanyId>
		<FirstName>Franklin</FirstName>
		<LastName>Jones</LastName>
	</Employee>
	<Employee>
		<CompanyId>Alpine Systems</CompanyId>
		<FirstName>Joseph</FirstName>
		<LastName>Gschwandtner</LastName>
	</Employee>
	<Employee>
		<CompanyId>New Line Design</CompanyId>
		<FirstName>George</FirstName>
		<LastName>Grant</LastName>
	</Employee>
	<Employee>
		<CompanyId>HEPA Tec</CompanyId>
		<FirstName>Sarah</FirstName>
		<LastName>Schwind</LastName>
	</Employee>
	<Employee>
		<CompanyId>Anav Ideon</CompanyId>
		<FirstName>Theodor</FirstName>
		<LastName>Monathy</LastName>
	</Employee>
	<Employee>
		<CompanyId>Robert Brown Entertainment</CompanyId>
		<FirstName>Robert</FirstName>
		<LastName>Brown</LastName>
	</Employee>
	<Employee>
		<CompanyId>Mexican Oil Trading Company</CompanyId>
		<FirstName>Jorge</FirstName>
		<LastName>Montalban</LastName>
	</Employee>
	<Employee>
		<CompanyId>Meliva</CompanyId>
		<FirstName>Johanna</FirstName>
		<LastName>Esther</LastName>
	</Employee>
	<Employee>
		<CompanyId>Compostela</CompanyId>
		<FirstName>Miguel</FirstName>
		<LastName>Luengo</LastName>
	</Employee>
	<Employee>
		<CompanyId>Pateu</CompanyId>
		<FirstName>Isabel</FirstName>
		<LastName>Nemours</LastName>
	</Employee>
	<Employee>
		<CompanyId>Russian Electronic Trading Company</CompanyId>
		<FirstName>Igor</FirstName>
		<LastName>Tarassow</LastName>
	</Employee>
	<Employee>
		<CompanyId>Florida Holiday Company</CompanyId>
		<FirstName>Alexis</FirstName>
		<LastName>Harper</LastName>
	</Employee>
	<Employee>
		<CompanyId>Quimica Madrilenos</CompanyId>
		<FirstName>Cristal</FirstName>
		<LastName>Alfaro</LastName>
	</Employee>
	<Employee>
		<CompanyId>Getränkegroßhandel Janssen</CompanyId>
		<FirstName>Sven</FirstName>
		<LastName>Janssen</LastName>
	</Employee>
	<Employee>
		<CompanyId>JaTeCo</CompanyId>
		<FirstName>Yoshiko</FirstName>
		<LastName>Kakuji</LastName>
	</Employee>
	<Employee>
		<CompanyId>Tessile Casa Di Roma</CompanyId>
		<FirstName>Alessio</FirstName>
		<LastName>Galasso</LastName>
	</Employee>
	<Employee>
		<CompanyId>Vente Et Réparation de Ordinateur</CompanyId>
		<FirstName>Romain</FirstName>
		<LastName>Le Mason</LastName>
	</Employee>
	<Employee>
		<CompanyId>Developement Para O Governo</CompanyId>
		<FirstName>Martha</FirstName>
		<LastName>Calcagno</LastName>
	</Employee>
	<Employee>
		<CompanyId>Brazil Technologies</CompanyId>
		<FirstName>Beatriz</FirstName>
		<LastName>da Silva</LastName>
	</Employee>
	<Employee>
		<CompanyId>C.R.T.U.</CompanyId>
		<FirstName>Anthony</FirstName>
		<LastName>Leboeuf</LastName>
	</Employee>
	<Employee>
		<CompanyId>Jologa</CompanyId>
		<FirstName>Lisa</FirstName>
		<LastName>Felske</LastName>
	</Employee>
	<Employee>
		<CompanyId>Baleda</CompanyId>
		<FirstName>Jonathan</FirstName>
		<LastName>Mason</LastName>
	</Employee>
	<Employee>
		<CompanyId>Angeré</CompanyId>
		<FirstName>Amélie</FirstName>
		<LastName>Troyat</LastName>
	</Employee>
	<Employee>
		<CompanyId>PC Gym Tec</CompanyId>
		<FirstName>Pete</FirstName>
		<LastName>Waltham</LastName>
	</Employee>
	<Employee>
		<CompanyId>Japan Insurance Partner</CompanyId>
		<FirstName>Ryu</FirstName>
		<LastName>Toshiro</LastName>
	</Employee>
	<Employee>
		<CompanyId>Entertainment Argentinia</CompanyId>
		<FirstName>José</FirstName>
		<LastName>Lopez</LastName>
	</Employee>
	<Employee>
		<CompanyId>African Gold And Diamant Corporation</CompanyId>
		<FirstName>Dahoma</FirstName>
		<LastName>Lawla</LastName>
	</Employee>
	<Employee>
		<CompanyId>PicoBit</CompanyId>
		<FirstName>Jefferson</FirstName>
		<LastName>Parker</LastName>
	</Employee>
	<Employee>
		<CompanyId>Bionic Research Lab</CompanyId>
		<FirstName>Tamara</FirstName>
		<LastName>Flaig</LastName>
	</Employee>
	<Employee>
		<CompanyId>Indian IT Trading Company</CompanyId>
		<FirstName>Sunita</FirstName>
		<LastName>Kapoor</LastName>
	</Employee>
	<Employee>
		<CompanyId>Chemia A Technicznie Fabryka</CompanyId>
		<FirstName>Pawel</FirstName>
		<LastName>Lewandowski</LastName>
	</Employee>
	<Employee>
		<CompanyId>South American IT Company</CompanyId>
		<FirstName>Laura</FirstName>
		<LastName>Campillo</LastName>
	</Employee>
	<Employee>
		<CompanyId>Siwusha</CompanyId>
		<FirstName>Jian</FirstName>
		<LastName>Si</LastName>
	</Employee>
	<Employee>
		<CompanyId>Danish Fish Trading Company</CompanyId>
		<FirstName>Frederik</FirstName>
		<LastName>Christensen</LastName>
	</Employee>
	<Employee>
		<CompanyId>Sorali</CompanyId>
		<FirstName>Mirjam</FirstName>
		<LastName>Schmidt</LastName>
	</Employee>
</Employees>
